id,age,weight,height,bmi
1,25,70,175,22.857142857142858
2,30,80,180,24.691358024691358
3,45,90,178,28.40550435551067
